Selection,View,Channel,Begin Time (s),End Time (s),Low Freq (Hz),High Freq (Hz),Delta Time (s),Delta Freq (Hz),Avg Power Density (dB FS/Hz),Annotation,Contour 
1,Spectrogram 1,1,6.242480709,7.244469218,6852.248,8693.79,1.002,1841.542,-90.48,M,N
3,Spectrogram 1,1,6.976786841,8.054372954,6081.37,7366.167,1.0776,1284.797,-91.14,N,N
4,Spectrogram 1,1,17.10348242,18.97309433,5353.319,12205.567,1.8696,6852.248,-90.66,M,N
5,Spectrogram 1,1,29.24263151,30.2447866,4539.615,8094.218,1.0022,3554.604,-89.56,M,N
6,Spectrogram 1,1,28.61250703,29.61449554,4025.696,7665.953,1.002,3640.257,-89.99,N,N
7,Spectrogram 1,1,30.70325622,31.94248025,4668.094,8993.576,1.2392,4325.482,-90.79,N,N
8,Spectrogram 1,1,34.57177285,35.57931586,5481.799,8565.31,1.0075,3083.512,-90.85,M,N
9,Spectrogram 1,1,36.34614984,37.35908079,5096.36,8479.657,1.0129,3383.298,-90.53,M,N
10,Spectrogram 1,1,37.28903769,38.29119278,5010.707,8222.698,1.0022,3211.991,-90.93,M,N
11,Spectrogram 1,1,39.74886499,41.27364934,3897.216,8436.831,1.5248,4539.615,-90.78,N,N
13,Spectrogram 1,1,42.15720076,43.29405411,4488.017,6405.229,1.1369,1917.211,-90.14,M,N
