Time [ms], Peak Frequency [Hz], Duty Cycle, Energy, WindowRMS
1613635800245,6234.375,0.18043776148617144,0.19065837280857206,0.0012503640445024648
1613635800255,6468.75,0.31375131420965363,0.45297986702275966,0.0011929115345536865
1613635800266,6656.25,0.28438579020601057,0.26596535504358815,0.0012281614682059397
1613635800277,6750.0,0.28788205076449935,0.9407864280292797,0.0012416228888767935
1613635800288,6843.75,0.31175673382837066,0.8674925094805529,0.0012232191078011237
1613635800299,6890.625,0.32630056705114974,0.2597961059714223,0.0012855003590950514
1613635800309,6937.5,0.33019203809822134,0.1760332733125291,0.001281824580903296
1613635800319,6984.375,0.3365807446410704,0.36142190529591695,0.001255582864689428
1613635800330,7031.25,0.3385300010401352,2.036511707452096,0.0012708005490192807
1613635800341,7078.125,0.3316002455618327,2.3965236619765915,0.0013838956261280296
1613635800351,7125.0,0.19805432136096546,1.9080634668393865,0.00162266269692239
1613635800362,7125.0,0.19863766293298374,1.5874448259420084,0.0016351456041297494
1613635800373,7125.0,0.276927236460218,1.535928121302183,0.0014855504089041304
1613635800384,7125.0,0.34498677822788065,1.603085660909747,0.0013512576524036773
1613635800395,7125.0,0.3703245597085883,0.9793557299065094,0.0013190820695001067
1613635800405,7125.0,0.3549386789132883,0.12039262879917889,0.0012710548606362315
1613635800415,7125.0,0.387599111613857,0.06049407372526515,0.0013008088834792128
1613635800426,7125.0,0.4028704181407233,0.13674791793856067,0.0013462545269375657
1613635800437,7125.0,0.22691168522243804,0.3222692573160806,0.0013200452809537025
1613635800447,7171.875,0.07394124204361974,0.8728021341602429,0.002086792626861256
1613635800458,7171.875,0.08583134966808578,0.5204437989104862,0.0023786346135604795
1613635800469,7171.875,0.08701507140662915,0.3517564986918935,0.002158027807916157
1613635800480,7171.875,0.21161072559218377,1.2137404431307042,0.0019374210022718346
1613635800491,7218.75,0.19325461467408733,1.887898863947041,0.001736836131781572
1613635800501,7218.75,0.3237420309653916,0.6845300723675701,0.001453931465873813
1613635800511,7218.75,0.24974685590426673,0.1061213616140888,0.0013393428888568474
1613635800522,7218.75,0.24175714805781873,0.07658782822663007,0.0012932806554372847
1613635800533,7218.75,0.35742490300089064,0.040328541184621106,0.001243346375204192
1613635800543,7218.75,0.34102591590799136,0.13625873702519775,0.0011875449209678148
1613635800554,7218.75,0.35999282571592905,0.24460391053679564,0.001188978609497652
1613635800565,7218.75,0.27896152041017974,0.01794535754983751,0.0012515116053946078
1613635800575,7218.75,0.27560528952727087,0.9052821363415746,0.001242047943582629
1613635800587,7218.75,0.1476031950404968,1.2042507736638721,0.0014316614614896933
1613635800598,7171.875,0.15535388501889294,0.9661172055451842,0.0014852435747480536
1613635800607,7171.875,0.3332143987210635,0.4627664018258142,0.0013408819437785327
1613635800618,7171.875,0.3169016372883757,0.24254534794287944,0.0013272846025340226
1613635800629,7171.875,0.29543845542292857,0.1362676264778432,0.0012405980579953749
1613635800639,7125.0,0.3589317517292664,0.3237597624288123,0.001166861836988618
1613635800650,7125.0,0.3294718105894087,0.5306369999352293,0.0011722324608151279
1613635800661,7125.0,0.30109141607704404,2.2696312939573122,0.001282173622796248
1613635800671,7125.0,0.33159411123994237,1.806798275567752,0.0014380080569029534
1613635800683,7078.125,0.31998154066639434,0.6626938029508224,0.0013940889477297765
1613635800694,7078.125,0.07162236112902803,0.7964665824465107,0.001675531460135348
1613635800703,7031.25,0.08136377637059804,0.5871393303954375,0.0019569739725409196
1613635800714,6984.375,0.14847476133845228,0.7664423202110408,0.0017508483243405223
1613635800725,6937.5,0.06477190211436232,0.4911741161825067,0.0026773488494988584
1613635800735,6890.625,0.056557437023824035,1.4118272753095922,0.003122197891739654
1613635800746,6796.875,0.05858858366097841,1.1071689173771357,0.0025625246980362348
1613635800757,6656.25,0.13760136413929655,1.1024007990129843,0.0020036931475412565
1613635800767,6515.625,0.2549158925714443,0.9290815154070744,0.0014448615970462785
1613635800778,6375.0,0.3656445295319853,0.4981965098148811,0.0012752866048853177
1613635800790,5671.875,0.2583617684226366,0.12056736998222257,0.0012157551314878707
