timestamp,species,count,confidence,duration_s,temperature_c,notes
2024-09-03 21:14:07,Fox,1,High,18,11.2,Moving along southern trail edge
2024-09-03 22:47:33,Badger,2,High,41,10.8,Two adults foraging near log pile
2024-09-04 00:12:55,Unknown,1,Low,4,10.1,Too dark — shape only
2024-09-04 02:38:20,Deer,1,High,63,9.7,Roe deer, paused at camera
2024-09-04 03:55:09,Fox,1,Medium,9,9.4,Brief crossing, partially obscured
2024-09-05 20:22:41,Badger,1,High,27,12.6,Single adult heading north
2024-09-05 22:01:18,Fox,2,High,34,12.0,Pair — possible cubs
2024-09-05 23:44:52,Deer,3,High,88,11.5,Small group grazing, one juvenile
2024-09-06 01:08:03,Unknown,1,Low,3,11.1,Fast movement, unidentified
2024-09-06 04:19:37,Fox,1,High,12,10.3,
2024-09-07 19:58:14,Deer,2,Medium,51,13.4,Partially behind vegetation
2024-09-07 21:30:00,Badger,3,High,72,13.1,Family group — sett nearby
2024-09-07 23:12:45,Fox,1,High,21,12.7,
2024-09-08 00:55:29,Deer,1,High,44,12.2,Antlered male
2024-09-08 02:04:11,Badger,2,Medium,19,11.8,Wet conditions — lower confidence
2024-09-08 20:41:50,Fox,1,High,16,14.0,
2024-09-09 21:17:23,Unknown,2,Low,6,13.6,Two animals — species unclear
2024-09-09 22:50:08,Badger,1,High,33,13.2,
2024-09-10 00:03:44,Deer,4,High,97,12.5,Largest group so far
2024-09-10 03:28:19,Fox,1,Medium,8,11.9,Triggered by wind? Short clip
